id,url,AC1,AC2,AC4,AC5,AC7,AC8,AC9,AC10,R1P,R1Q,R2P,R3P,R3Q,R4P,R5P,R5Q,R6P,R6Q,AM1,AM2,AM3,AM4,AM5,AM6,AM7,AM8,AM9,AM10,NA1,NA2,NA2a,NA2b,NA4,NA5,NA6a,NA6b,NA7,NA8,NN1a,NN1b,IN1,IN2,IN3,IN4,IN5,IN6,IN7,IN8,IN9,SA1,SA2,SA3,US1,US2,US3,US4,US6,US7,US8,US9,US10,US11,USother,gstypology,NESTLIKERT,name,town,type,coordinates,AC3,R2Q,R4Q,location_text,location,comments,S3,S4,S5,S6,S8,S9,S10,S11,S7,location.0,location.1,AC_SCR_sum,summeR1,summeR2,summeR3,summeR4,summeR5,summeR6,R_SCR_sum,AM_SCR_sum,summeNA6aNA6b,NA_SCR_sum,NN_SCR_sum,SIG_NAT_FEATwat,SIG_NAT_FEATview,SIG_NAT_FEATtree,NAsig_SCR_sum,IN_SCR_sum,US_SCR_sum,AC_WT,R_WT,AM_WT,NA_WT,NN_WT,IN_WT,NAsig_WT,US_WT,Overall NEST score
"18,https://greenspace.systemed.net/survey/18/view,1,Yes,Yes,1,Adequate,Yes,Poor,1,1,6,1,1,6,0,0,0,1,2,3,3,3,0,0,0,3,None expected,0,0,0,No,,3,No,0,Yes,Yes,1,0,Yes,Man made,2,2,2,2,2,2,2,0,0,Yes paths only,None,Clear,3,3,3,3,0,1,1,0,0,3,Formal team sport pitches alongside childrens play and i formal play area.good basket ball pitch. ,Urban park,Satisfied,Easington Park,Banbury,Point,""{-1.341590051999958,52.05426167100006}"",,6,0,,,,,,,,,,,,,-1.341590051999958,52.05426167100006,3,6,6,6,0,0,2,20,9,3,4,1,1,0,0,1,14,17,33.33333333333333,55.55555555555556,37.5,44.44444444444444,33.33333333333333,77.77777777777779,33.33333333333333,56.666666666666664,44.65"
"26,https://greenspace.systemed.net/survey/26/view,2,Yes,Yes,2,Good,Yes,Adequate,0,1,6,1,1,4,0,1,6,1,2,3,3,3,0,0,0,3,None expected,0,0,0,No,,3,No,0.75,Yes,Yes,1,0,No,,1,2,2,2,2,2,2,0,0,Yes paths only,None,Partial,1,2,3,3,1,2,2,0,0,3,Community park in centre of housing estate Despite good provision of waste bins considerable spread ofrubbish. ,Urban park,Satisfied,""Trinity Park, Bretch Hill"",Banbury,Point,""{-1.364486518999968,52.069480516000056}"",,6,0,,,,,,,,,,,,,-1.364486518999968,52.069480516000056,4,6,6,4,0,6,2,24,9,3,4,0,1,0,0,1,13,17,44.44444444444444,66.66666666666666,37.5,44.44444444444444,0,72.22222222222221,33.33333333333333,56.666666666666664,41.15"
"27,https://greenspace.systemed.net/survey/27/view,2,Yes,Yes,1,Adequate,Yes,Adequate,1,0,0,1,0,0,0,0,0,1,2,2,3,3,0,0,0,3,None expected,0,0,0,Yes,Stream,0,No,0,Yes,Yes,2,0,Yes,Man made,2,2,2,2,2,2,2,2,0,Yes paths only,Partial,Partial,3,3,3,1,1,2,2,0,0,2,Public park with marked pitches lots of well maintained grass for informal play,Formal recreation,Very Satisfied,Old Place Yard,Bicester,Point,""{-1.154319846999954,51.89343308900004}"",,6,0,,,,,,,,,,,,,-1.154319846999954,51.89343308900004,4,0,6,0,0,0,2,8,8,3,5,1,0,0,0,0,16,17,44.44444444444444,22.22222222222222,33.33333333333333,55.55555555555556,33.33333333333333,88.88888888888889,0,56.666666666666664,39"
"29,https://greenspace.systemed.net/survey/29/view,2,Yes,Yes,0,None expected,Yes,Good,0,0,0,0,0,0,0,0,0,1,2,2,2,2,0,0,0,1,None expected,0,0,0,No,,3,No,0,Yes,Yes,2,0,Yes,Man made,1,2,2,2,2,2,2,0,0,None expected,Partial,Clear,1,2,3,1,1,1,1,0,0,2,Informal games/play and shortcut Next to Bicester Leisure centre.No litter bins !!! Only dog bins.Litter scattered over site. Site feels a bit neglected on the whole.No paths so disabled/buggy  shortcut not possible .,Semi-natural/natural,Unsatisfied,George/Hudson Street field,Bicester,Point,""{-1.16010831799997,51.90243004100006}"",,0,0,,,,,,,,,,,,,-1.16010831799997,51.90243004100006,2,0,0,0,0,0,2,2,6,3,5,1,1,0,0,1,13,12,22.22222222222222,5.555555555555555,25,55.55555555555556,33.33333333333333,72.22222222222221,33.33333333333333,40,38.89"
"30,https://greenspace.systemed.net/survey/30/view,2,No,No,1,None expected,Yes,None expected,0,0,0,0,0,0,0,0,0,0,0,3,3,2,0,0,0,2,None expected,0,0,3,No,,3,Yes,0.75,Yes,Yes,2,0,Yes,Man made,2,2,2,2,2,2,2,1,0,None expected,None,Partial,0,0,2,1,3,3,3,0,0,0,""Bird waching, feeding the ducks"",Lake/reservoir/pond,Very Satisfied,Jubilee Lake Langford Village,Bicester,Point,""{-1.133101377999935,51.890297779000036}"",No,0,0,,,,,,,,,,,,,-1.133101377999935,51.890297779000036,3,0,0,0,0,0,0,0,8,3,5,1,1,1,0,2,15,12,33.33333333333333,0,33.33333333333333,55.55555555555556,33.33333333333333,83.33333333333334,66.66666666666666,40,54.17"
"33,https://greenspace.systemed.net/survey/33/view,1,Yes,No,0,None expected,No,None expected,0,0,0,0,0,0,0,0,0,0,0,0,0,0,0,0,0,2,None expected,0,0,0,No,,3,No,1.5,Yes,No,2,0,No,,2,2,2,2,2,2,2,2,0,None expected,None,Partial,0,0,0,0,1,1,1,0,0,0,""Community Orchard, so picking fruit, tending the orchard"",Functional/amenity,Satisfied,Langford Community Orchard,Bicester,Point,""{-1.146140600999956,51.89366768100007}"",,0,0,,,,,,,,,,,,,-1.146140600999956,51.89366768100007,1,0,0,0,0,0,0,0,0,2,4,0,1,0,0,1,16,3,11.11111111111111,0,0,44.44444444444444,0,88.88888888888889,33.33333333333333,10,25.33"
"37,https://greenspace.systemed.net/survey/37/view,3,Yes,Yes,2,Good,Yes,Good,0,1,6,0,0,0,0,0,0,1,2,3,2,2,0,0,2,3,None expected,0,0,0,No,,3,No,0.75,Yes,Yes,2,0,No,,2,2,2,2,2,2,2,0,0,Yes paths only,Partial,Clear,0,3,3,3,1,3,3,0,0,3,,Urban park,Very Satisfied,Southwold Park,Bicester,Point,""{-1.151121328999977,51.91276875300008}"",,0,0,,,,,,,,,,,,,-1.151121328999977,51.91276875300008,5,6,0,0,0,0,2,8,9,3,5,0,1,0,0,1,14,19,55.55555555555556,22.22222222222222,37.5,55.55555555555556,0,77.77777777777779,33.33333333333333,63.33333333333333,34.65"
"101,https://greenspace.systemed.net/survey/101/view,3,Yes,,2,Good,,None (didn't expect any),1,1,6,0,0,0,0,0,0,1,2,3,3,3,2,2,2,2,None (but expected some),0,0,,Yes,""{""""Small Lake""""}"",2,Yes,1,Yes,Yes,3,0,,,2,2,2,2,2,2,2,2,0,None (didn't expect any),Clearly visible,Clearly visible,0,1,3,3,2,1,1,0,0,0,,Functional/amenity,Satisfied,Oakwood Gate,,Point,""{-1.5377238,51.7319412}"",,0,0,Edge of development greenspace,""{51.7319412,-1.5377238}"",,,,,,,,,,,-1.5377238,51.7319412,6,6,0,0,0,0,2,8,15,3,6,0,0,1,0,1,16,11,66.66666666666666,22.22222222222222,62.5,66.66666666666666,0,88.88888888888889,33.33333333333333,36.666666666666664,46.61"
"41,https://greenspace.systemed.net/survey/41/view,2,No,Yes,0,None expected,Yes,Good,1,1,6,1,1,6,0,1,6,1,2,2,2,2,0,0,0,3,None expected,1,0,0,No,,3,No,0,Yes,Yes,1,0,Yes,Public attractions,2,2,2,2,0,2,2,2,0,None expected,Clear,Clear,3,3,3,3,1,2,2,0,0,3,Only one footpath unlit so not suitable as a shortcut. Play area for adolescents separate feom younger childrens equipment.,Urban park,Satisfied,Edmonds Park,Didcot,Point,""{-1.251626129999977,51.601171340000064}"",No,6,0,,,,,,,,,,,,,-1.251626129999977,51.601171340000064,3,6,6,6,0,6,2,26,7,3,4,1,1,0,0,1,14,20,33.33333333333333,72.22222222222221,29.166666666666668,44.44444444444444,33.33333333333333,77.77777777777779,33.33333333333333,66.66666666666666,47.24"
"53,https://greenspace.systemed.net/survey/53/view,2,No,Yes,2,Adequate,Yes,None expected,1,1,6,1,1,6,0,0,0,1,2,3,3,3,2,0,1,3,None expected,3,0,0,No,,3,Yes,0.75,Yes,Yes,2,3,Yes,""Historic buildings,Public art,Man made,Public attractions"",1,1,2,1,2,2,2,2,0,Yes wide coverage,None,Partial,3,3,3,3,3,3,3,1,0,2,""Tennis courts, Crazy golf, playground "",Semi-natural/natural,Very Satisfied,Bury Knowle Park,Oxford,Point,""{-1.208533225999929,51.76208068600005}"",Yes,6,0,,,,,,,,,,,,,-1.208533225999929,51.76208068600005,5,6,6,6,0,0,2,20,15,3,8,3,1,1,0,2,13,24,55.55555555555556,55.55555555555556,62.5,88.88888888888889,100,72.22222222222221,66.66666666666666,80,74.89"
"63,https://greenspace.systemed.net/survey/63/view,1,No,No,0,Poor,No,Adequate,0,0,0,0,0,0,0,0,0,0,0,0,0,0,2,2,2,1,None NOT expected,2,2,3,No,,3,Yes,0.75,No,Yes,3,0,Yes,Historic buildings,1,2,2,2,2,2,2,2,2,None NOT expected,Partial,Partial,0,0,0,0,3,0,1,0,0,0,,Marine/ coastal,Unsatisfied,Meadow Building,Oxford,Point,""{-1.252147147999949,51.749152733000074}"",Yes,0,0,,,,,,,,,,,,,-1.252147147999949,51.749152733000074,1,0,0,0,0,0,0,0,10,2,5,1,1,1,0,2,17,4,11.11111111111111,0,41.66666666666667,55.55555555555556,33.33333333333333,94.44444444444444,66.66666666666666,13.333333333333334,40.31"
"70,https://greenspace.systemed.net/survey/70/view,3,Yes,Yes,2,Good,Yes,Good,0,1,6,0,1,6,0,0,0,1,2,3,3,3,0,0,2,3,None expected,0,0,0,No,,3,No,0,Yes,Yes,2,0,No,,2,2,2,2,2,2,2,2,0,Yes paths only,Partial,Clear,2,3,3,3,1,2,2,0,0,3,,Urban park,Very Satisfied,Shakespeare Drive Park,Oxford,Point,""{-1.173838251999939,51.90183644800004}"",,0,0,,,,,,,,,,,,,-1.173838251999939,51.90183644800004,5,6,0,6,0,0,2,14,11,3,5,0,1,0,0,1,16,19,55.55555555555556,38.88888888888889,45.83333333333333,55.55555555555556,0,88.88888888888889,33.33333333333333,63.33333333333333,40.62"
"73,https://greenspace.systemed.net/survey/73/view,1,Yes,Yes,0,None expected,Yes,Adequate,0,1,6,1,1,4,0,0,0,1,2,2,2,1,2,0,2,0,None expected,0,0,0,No,,3,Yes,0,Yes,Yes,2,0,Yes,Man made,1,2,2,2,2,2,2,2,0,None expected,Partial,Partial,2,2,2,2,2,2,2,0,0,1,Pavilion with kitchen and changing facilities,Functional/amenity,Neutral,The Links Play Area Kennington,Oxford,Point,""{-1.247571687999937,51.709406544000046}"",,6,0,,,,,,,,,,,,,-1.247571687999937,51.709406544000046,1,6,6,4,0,0,2,18,9,3,5,1,1,1,0,2,15,15,11.11111111111111,50,37.5,55.55555555555556,33.33333333333333,83.33333333333334,66.66666666666666,50,46.56"
"79,https://greenspace.systemed.net/survey/79/view,1,Yes,Yes,2,Good,Yes,Adequate,1,0,0,0,0,0,0,0,0,1,2,0,2,2,2,2,2,2,None NOT expected,2,2,0,No,,3,No,0.75,Yes,No,2,0,No,,2,2,2,2,2,2,2,2,0,Yes paths only,None,Clear,0,1,1,0,0,0,0,0,0,3,,Natural/green corridor,Neutral,Beside Em's Ditch,Witney,Point,""{-1.490885023999965,51.77968150300006}"",,0,0,,,,,,,,,,,,,-1.490885023999965,51.77968150300006,4,0,0,0,0,0,2,2,14,2,4,0,1,0,0,1,16,5,44.44444444444444,5.555555555555555,58.333333333333336,44.44444444444444,0,88.88888888888889,33.33333333333333,16.666666666666664,47.28"
"82,https://greenspace.systemed.net/survey/82/view,3,Yes,No,0,None expected,Yes,Good,0,0,0,0,0,0,0,0,0,1,2,0,0,0,0,0,0,2,None expected,0,0,0,No,,3,No,3,Yes,Yes,1,0,Yes,Man made,2,2,2,2,2,2,2,0,0,Yes paths only,Partial,Clear,0,1,2,2,0,1,1,0,0,2,Small green space berween football club and housing used as informal cut through,Semi-natural/natural,Neutral,Gordon Way,Witney,Point,""{-1.491716532999931,51.778809453000065}"",,0,0,,,,,,,,,,,,,-1.491716532999931,51.778809453000065,3,0,0,0,0,0,2,2,0,3,4,1,1,0,1,2,14,9,33.33333333333333,5.555555555555555,0,44.44444444444444,33.33333333333333,77.77777777777779,66.66666666666666,30,42.67"
"85,https://greenspace.systemed.net/survey/85/view,2,Yes,No,2,None expected,Yes,Poor,0,0,0,0,0,0,0,0,0,0,0,1,1,1,0,0,0,3,None expected,0,0,0,No,,3,No,0,Yes,Yes,2,1,Yes,Man made,2,2,2,2,2,2,2,2,0,None expected,Partial,Partial,0,0,1,0,0,0,0,0,0,1,,Urban park,Very Satisfied,Tower Hill Cemetery,Witney,Point,""{-1.499731709999935,51.785333180000066}"",,0,0,,,,,,,,,,,,,-1.499731709999935,51.785333180000066,4,0,0,0,0,0,0,0,3,3,6,1,1,0,0,1,16,2,44.44444444444444,0,12.5,66.66666666666666,33.33333333333333,88.88888888888889,33.33333333333333,6.666666666666667,34.4"
"105,https://greenspace.systemed.net/survey/105/view,3,Yes,Yes,1,Poor,Yes,None (but expected some),0,0,0,0,0,0,0,1,6,1,2,2,2,2,2,3,0,2,None (didn't expect any),2,2,Yes,,,0,Yes,2,Yes,Yes,0,2,Yes,""{""""Historic buildings"""",""""Public art""""}"",2,2,2,2,2,2,2,0,2,""Yes, wide coverage"",Clearly visible,Clearly visible,3,3,3,2,3,3,3,3,3,3,""sailing, swimming"",Urban park,Very satisfied,""Parc de la Ribera, Sitges"",,Point,""{1.8090911764479147,41.234865288205704}"",Yes,0,0,,""{41.234865288205704,1.8090911764479147}"",,,,,,,,,,,1.8090911764479147,41.234865288205704,4,0,0,0,0,6,2,8,15,3,5,2,0,1,0,1,16,29,44.44444444444444,22.22222222222222,62.5,55.55555555555556,66.66666666666666,88.88888888888889,33.33333333333333,96.66666666666667,51.12"
"108,https://greenspace.systemed.net/survey/108/view,1,Yes,Yes,2,Poor,,Good,1,1,6,0,0,0,0,1,6,0,0,3,3,0,0,2,2,2,None (didn't expect any),2,0,,,,0,0.0,2,Yes,Yes,2,1,,,2,2,2,2,2,2,2,0,0,""Yes, on paths only"",Partially visible,Clearly visible,0,0,2,3,0,2,0,0,0,0,,Civic space,Neutral,""Kinderspielplatz, Tischendorfstrasse"",,Point,""{9.1775385,48.8961714}"",,0,0,""Ludwigsburg, Weststadt"",""{48.8961714,9.1775385}"",missing more possibilities for adults to relax ,,,,,,,,,,9.1775385,48.8961714,4,6,0,0,0,6,0,12,12,3,6,0,0,0,0,0,14,7,44.44444444444444,33.33333333333333,50,66.66666666666666,0,77.77777777777779,0,23.333333333333332,39.61"
"109,https://greenspace.systemed.net/survey/109/view,2,,Yes,2,Good,Yes,Poor,2,1,6,0,1,4,0,0,0,1,2,3,3,3,1,2,2,3,None (but expected some),0,0,,,,0,Yes,3,Yes,Yes,1,3,Yes,""{""""Historic buildings"""",""""Public attractions"""",""""Other man-made features""""}"",2,2,2,2,2,2,2,1,1,""Yes, on paths only"",Clearly visible,Clearly visible,2,2,3,3,0,2,1,0,0,2,""table tennis, picnics, "",Urban park,Satisfied,B?renwiese,,Point,""{9.1972826,48.8944128}"",Yes,0,0,,""{48.8944128,9.1972826}"",,,,,,,,,,,9.1972826,48.8944128,6,6,0,4,0,0,2,12,14,3,7,3,0,1,1,2,16,15,66.66666666666666,33.33333333333333,58.333333333333336,77.77777777777779,100,88.88888888888889,66.66666666666666,50,68.03"
"129,https://greenspace.systemed.net/survey/129/view,2,Yes,Yes,2,Poor,Yes,Good,2,1,6,0,1,4,0,1,4,1,2,3,3,3,2,2,2,3,None (didn't expect any),2,2,,,,0,0.0,2,Yes,Yes,1,1,Yes,""{""""Other man-made features""""}"",2,2,2,2,2,2,2,2,2,""Yes, on paths only"",Partially visible,Partially visible,0,3,2,3,2,2,2,0,0,3,Tai Chi,Civic space,Satisfied,St Matthews Piece,,Point,""{0.1427696,52.2030396}"",,0,0,""Cambridge UK - Between York Street and Sturton Street, opposite York Street GP Surgery"",""{52.2030396,0.1427696}"",,,,,,,,,,,0.1427696,52.2030396,6,6,0,4,0,4,2,16,19,3,5,1,0,0,0,0,18,17,66.66666666666666,44.44444444444444,79.16666666666666,55.55555555555556,33.33333333333333,100,0,56.666666666666664,56.43"
"134,https://greenspace.systemed.net/survey/134/view,2,,Yes,2,Ausreichend,Yes,Schlecht,0,0,0,0,0,0,0,0,0,1,2,3,3,0,2,2,2,2,Keine (habe keine erwartet),2,0,,,,0,Yes,3,Yes,Yes,3,3,,,2,2,2,2,2,2,2,1,2,Keine (habe keine erwartet),Nicht sichtbar,Teilweise sichtbar,0,0,3,0,3,1,3,0,0,0,,Natural/green corridor,Sehr zufrieden,Hungerberg,,Point,""{9.216746,48.9079076}"",,0,0,Ludwigsburg Hoheneck,""{48.9079076,9.216746}"",,,,,,,,,,,9.216746,48.9079076,4,0,0,0,0,0,2,2,14,3,9,0,0,1,1,2,17,10,44.44444444444444,5.555555555555555,58.333333333333336,100,0,94.44444444444444,66.66666666666666,33.33333333333333,61.44"
"135,https://greenspace.systemed.net/survey/135/view,3,,Yes,2,Ausreichend,Yes,Keine (habe keine erwartet),2,1,6,0,0,0,0,1,6,1,2,2,3,1,2,2,2,3,Keine (habe keine erwartet),2,0,No,,,0,0.0,4,Yes,Yes,3,0,Yes,""{""""Andere von Menschenhand geschaffene Elemente""""}"",2,2,2,2,2,2,2,2,0,Keine (habe keine erwartet),Nicht sichtbar,Nicht sichtbar,3,1,3,2,2,2,3,0,0,2,,Woodlands/forest,Sehr zufrieden,Salonwald,,Point,""{9.2013335,48.8857705}"",Yes,0,0,Ludwigsburg Nord,""{48.8857705,9.2013335}"",,,,,,,,,,,9.2013335,48.8857705,7,6,0,0,0,6,2,14,14,3,6,1,0,0,1,1,16,18,77.77777777777779,38.88888888888889,58.333333333333336,66.66666666666666,33.33333333333333,88.88888888888889,33.33333333333333,60,58.11"
"136,https://greenspace.systemed.net/survey/136/view,2,,,0,Gut,,Keine (habe aber welche erwartet),0,1,2,1,1,2,0,0,0,1,2,1,2,0,2,2,2,2,Keine (habe aber welche erwartet),2,2,,,,0,0.0,1,,,1,1,Yes,""{""""Andere von Menschenhand geschaffene Elemente""""}"",1,2,2,2,2,2,2,1,0,Keine (habe keine erwartet),Teilweise sichtbar,Deutlich sichtbar,2,2,2,1,0,2,1,0,0,0,,Civic space,,,,Point,""{9.1934971,48.8858101}"",,2,0,Ludwigsburg Nord,""{48.8858101,9.1934971}"",,,,,,,,,,,9.1934971,48.8858101,2,2,2,2,0,0,2,8,13,0,2,1,0,0,0,0,14,10,22.22222222222222,22.22222222222222,54.166666666666664,22.22222222222222,33.33333333333333,77.77777777777779,0,33.33333333333333,35.12"
"142,https://greenspace.systemed.net/survey/142/view,2,,Yes,2,Gut,Yes,Schlecht,2,1,6,0,0,6,0,1,6,1,2,3,3,0,2,2,2,3,Keine (habe keine erwartet),2,2,,Yes,{Teich},1,0.0,3,Yes,Yes,1,3,Yes,""{""""Andere von Menschenhand geschaffene Elemente""""}"",2,2,2,2,2,2,2,1,2,""Ja, nur auf Wegen"",,Nicht sichtbar,1,0,3,1,1,1,2,0,0,0,,Urban park,Zufrieden,Park Vaihingen,,Point,""{9.1107384,48.7283933}"",Yes,0,0,,""{48.7283933,9.1107384}"",,,,,,,,,,,9.1107384,48.7283933,6,6,0,6,0,6,2,20,16,3,7,1,0,0,1,1,17,9,66.66666666666666,55.55555555555556,66.66666666666666,77.77777777777779,33.33333333333333,94.44444444444444,33.33333333333333,30,58.28"
"146,https://greenspace.systemed.net/survey/146/view,2,,,2,Schlecht,,Schlecht,0,0,0,0,0,0,0,0,0,0,0,3,2,1,0,2,2,3,Keine (habe keine erwartet),2,2,,,,0,Yes,4,,,3,0,,""{""""Historische Geb?ude""""}"",2,2,2,2,2,2,2,0,0,Keine (habe keine erwartet),Nicht sichtbar,Nicht sichtbar,0,0,0,1,3,3,3,0,0,3,""Spaziergang, Wildtiere beobachten "",Natural/green corridor,Sehr zufrieden,Favoriten Park ,,Point,""{9.1956366,48.9044646}"",Yes,0,0,,""{48.9044646,9.1956366}"",,,,,,,,,,,9.1956366,48.9044646,4,0,0,0,0,0,0,0,14,0,3,0,0,1,1,2,14,13,44.44444444444444,0,58.333333333333336,33.33333333333333,0,77.77777777777779,66.66666666666666,43.333333333333336,47.28"
"153,https://greenspace.systemed.net/survey/153/view,2,,Yes,2,Gut,,Gut,0,0,0,0,0,0,0,0,0,1,2,2,2,2,2,3,1,3,Keine (habe keine erwartet),2,2,Yes,,""{""""Kleiner See""""}"",2,Yes,2,Yes,Yes,3,0,,""{""""Historische Geb?ude""""}"",2,2,2,2,2,2,2,1,0,Keine (habe keine erwartet),Nicht sichtbar,Nicht sichtbar,2,1,3,1,3,1,2,0,3,0,,Lake/reservoir/pond,Zufrieden,Monrepos See,,Point,""{9.1668682,48.9201933}"",,0,0,,""{48.9201933,9.1668682}"",,,,,,,,,,,9.1668682,48.9201933,4,0,0,0,0,0,2,2,16,3,6,0,0,1,0,1,15,16,44.44444444444444,5.555555555555555,66.66666666666666,66.66666666666666,0,83.33333333333334,33.33333333333333,53.333333333333336,60.17"
"159,https://greenspace.systemed.net/survey/159/view,3,Yes,Yes,2,Ausreichend,Yes,Ausreichend,0,1,6,1,0,0,0,0,0,1,2,3,3,2,1,2,2,3,Keine (habe keine erwartet),0,2,No,,""{""""Kleiner See"""",Bach}"",1,0.0,0,Yes,Yes,3,3,Yes,""{""""?ffentliche Kunst"""",Wasserfont?nen}"",2,2,2,2,2,2,2,2,0,""Ja, breite Abdeckung"",Teilweise sichtbar,Teilweise sichtbar,2,2,2,3,2,3,3,0,0,2,Eis essen (in der n?he hat es eine Eisdiele),Urban park,Zufrieden,Stadtgarten Kornwestheim,,Point,""{9.1897607,48.8611257}"",,6,0,Kornwestheim Lammstra?e,""{48.8611257,9.1897607}"",""sch?ner gepflegter Park, sehr gut f?r ein Picknick. Ohne Gefahren von Verkehr. "",,,,,,,,,,9.1897607,48.8611257,5,6,6,0,0,0,2,14,15,3,9,2,0,0,0,0,16,19,55.55555555555556,38.88888888888889,62.5,100,66.66666666666666,88.88888888888889,0,63.33333333333333,58.46"
"178,https://greenspace.systemed.net/survey/178/view,3,,Yes,1,Schlecht,Yes,Schlecht,1,1,4,1,0,0,0,1,4,1,2,2,2,2,0,2,2,3,Keine (habe keine erwartet),0,0,,,,0,Yes,4,,,2,1,Yes,""{""""Historische Geb?ude""""}"",2,2,2,2,2,2,1,2,2,Keine (habe aber welche erwartet),Nicht sichtbar,Nicht sichtbar,1,1,3,3,3,3,3,0,0,3,,Semi-natural/natural,Zufrieden,Karlsh?he,,Point,""{9.162003938147132,48.76824865154348}"",Yes,4,0,Stuttgart-West,""{48.76824865154348,9.162003938147132}"",,,,,,,,,,,9.162003938147132,48.76824865154348,5,4,4,0,0,4,2,14,10,0,3,1,0,1,1,2,17,20,55.55555555555556,38.88888888888889,41.66666666666667,33.33333333333333,33.33333333333333,94.44444444444444,66.66666666666666,66.66666666666666,52.33"
"180,https://greenspace.systemed.net/survey/180/view,2,Yes,Yes,2,Adequate,Yes,Adequate,2,1,2,1,1,2,1,1,2,0,0,3,3,2,0,2,2,3,None (didn't expect any),2,0,,,,0,Yes,3,Yes,Yes,3,3,Yes,""{""""Historic buildings"""",""""Other man-made features""""}"",2,2,2,2,2,2,2,1,0,""Yes, on paths only"",Partially visible,Partially visible,0,0,3,1,3,2,3,0,0,1,learning about plant species ,Urban park,Satisfied,Park Villa Berg,,Point,""{9.206901413436198,48.794043187942535}"",Yes,2,2,stuttgart ,""{48.794043187942535,9.206901413436198}"",Reducing the noise of the U-Bahns,,,,,,,,,,9.206901413436198,48.794043187942535,6,2,2,2,2,2,0,8,14,3,9,2,0,1,1,2,15,13,66.66666666666666,22.22222222222222,58.333333333333336,100,66.66666666666666,83.33333333333334,66.66666666666666,43.333333333333336,60.97"
"182,https://greenspace.systemed.net/survey/182/view,2,,Yes,2,Poor,Yes,Poor,2,1,2,1,1,2,0,1,2,1,2,3,2,1,2,2,1,3,None (didn't expect any),2,1,,Yes,""{Pond,Canal}"",1,0.0,4,Yes,Yes,1,1,,""{""""Public art"""",""""Water fountain"""",""""Other man-made features""""}"",2,2,0,2,2,2,2,1,0,""Yes, wide coverage"",Partially visible,Partially visible,2,2,3,3,2,3,1,0,0,1,""chess, informal football, boccia"",Urban park,Satisfied,mittlerer Schlossgarten ,,Point,""{9.188573543465534,48.78697733624507}"",Yes,4,0,stuttgart mitte,""{48.78697733624507,9.188573543465534}"",The experience might be different in other seasons,,,,,,,,,,9.188573543465534,48.78697733624507,6,2,4,2,0,2,2,12,14,3,5,0,0,0,1,1,13,17,66.66666666666666,33.33333333333333,58.333333333333336,55.55555555555556,0,72.22222222222221,33.33333333333333,56.666666666666664,40.53"
"184,https://greenspace.systemed.net/survey/184/view,2,,Yes,2,Ausreichend,Yes,Ausreichend,2,0,0,0,0,0,0,0,0,1,2,3,3,2,1,2,2,2,Keine (habe keine erwartet),2,2,,Yes,""{""""Kleiner See""""}"",2,0.0,2,Yes,Yes,1,3,Yes,""{""""Historische Geb?ude"""",""""?ffentliche Attraktionen"""",Wasserfont?nen}"",0,2,2,2,2,2,2,1,0,""Ja, breite Abdeckung"",Teilweise sichtbar,Deutlich sichtbar,1,1,2,1,2,2,2,0,0,2,Joggen,Urban park,Neutral,Park vor Oper,,Point,""{9.1822686,48.7793469}"",Yes,4,0,,""{48.7793469,9.1822686}"",,,,,,,,,,,9.1822686,48.7793469,6,0,4,0,0,0,2,6,17,3,7,3,0,0,0,0,13,13,66.66666666666666,16.666666666666664,70.83333333333334,77.77777777777779,100,72.22222222222221,0,43.333333333333336,58.15"
"186,https://greenspace.systemed.net/survey/186/view,3,,Yes,2,Poor,Yes,Adequate,2,1,4,1,0,0,0,0,0,1,2,3,3,1,0,2,0,2,None (didn't expect any),1,0,,,{Pond},1,Yes,3,Yes,Yes,3,3,,""{""""Public art"""",""""Public attractions""""}"",2,2,2,2,2,2,2,1,1,""Yes, on paths only"",Partially visible,Partially visible,1,3,3,2,3,3,3,0,0,1,,Urban park,Satisfied,Unterer Schlossgarten ,,Point,""{9.205042218060399,48.796837406506405}"",Yes,4,0,stuttgart ,""{48.796837406506405,9.205042218060399}"",,,,,,,,,,,9.205042218060399,48.796837406506405,7,4,4,0,0,0,2,10,10,3,9,0,0,1,1,2,16,19,77.77777777777779,27.77777777777778,41.66666666666667,100,0,88.88888888888889,66.66666666666666,63.33333333333333,48.64"
"188,https://greenspace.systemed.net/survey/188/view,3,,,2,Gut,,Schlecht,2,0,0,0,0,0,0,0,0,1,2,3,3,1,1,2,2,3,Schlecht,1,1,,Yes,""{""""Kleiner See""""}"",1,0.0,3,Yes,Yes,2,2,Yes,""{""""Historische Geb?ude"""",""""Andere von Menschenhand geschaffene Elemente""""}"",1,2,2,2,2,0,2,0,0,""Ja, nur auf Wegen"",Teilweise sichtbar,Teilweise sichtbar,1,1,2,2,2,3,1,0,0,1,,Natural/green corridor,Zufrieden,""Unterer Anlagenpark, N?he Mineralb?dee"",,Point,""{9.205064,48.7968183}"",Yes,0,0,,""{48.7968183,9.205064}"",,,,,,,,,,,9.205064,48.7968183,7,0,0,0,0,0,2,2,14,3,7,2,0,0,1,1,11,13,77.77777777777779,5.555555555555555,58.333333333333336,77.77777777777779,66.66666666666666,61.111111111111114,33.33333333333333,43.333333333333336,54.78"
"190,https://greenspace.systemed.net/survey/190/view,3,,,1,Gut,Yes,Gut,2,0,0,1,0,0,0,0,0,1,2,3,3,1,0,2,2,3,Keine (habe keine erwartet),2,0,Yes,,,0,Yes,1,Yes,,3,1,Yes,""{""""Andere von Menschenhand geschaffene Elemente""""}"",2,2,2,2,2,2,2,0,0,""Ja, nur auf Wegen"",Deutlich sichtbar,Deutlich sichtbar,1,2,3,1,3,3,3,3,3,1,,River/stream/canal (linear),Sehr zufrieden,,,Point,""{9.2139309,48.9116253}"",Yes,4,0,am Neckar,""{48.9116253,9.2139309}"",,,,,,,,,,,9.2139309,48.9116253,6,0,4,0,0,0,2,6,13,2,6,1,0,1,0,1,14,23,66.66666666666666,16.666666666666664,54.166666666666664,66.66666666666666,33.33333333333333,77.77777777777779,33.33333333333333,76.66666666666667,54.01"
"191,https://greenspace.systemed.net/survey/191/view,3,Yes,Yes,2,Good,Yes,Good,2,1,6,0,0,0,0,0,0,0,0,2,3,0,2,2,2,2,None (didn't expect any),2,2,,Yes,""{""""Small Lake"""",Stream}"",3,Yes,2,,,1,3,Yes,""{""""Other man-made features""""}"",2,2,2,2,2,2,2,1,1,None (but expected some),Clearly visible,Clearly visible,1,0,3,3,1,2,2,0,0,3,Joggen,Semi-natural/natural,Unsatisfied,Feuersee-Park,,Point,""{9.1033549,48.7281821}"",Yes,0,0,,""{48.7281821,9.1033549}"",,,,,,,,,,,9.1033549,48.7281821,7,6,0,0,0,0,0,6,15,0,4,1,1,1,0,2,16,15,77.77777777777779,16.666666666666664,62.5,44.44444444444444,33.33333333333333,88.88888888888889,66.66666666666666,50,57.22"
"192,https://greenspace.systemed.net/survey/192/view,3,Yes,Yes,2,Adequate,Yes,Poor,2,1,6,1,0,0,0,0,0,1,2,3,3,2,2,2,1,3,None (didn't expect any),0,0,,Yes,{Pond},1,Yes,3,Yes,Yes,3,3,Yes,""{""""Other man-made features""""}"",2,2,2,2,2,2,2,0,2,""Yes, on paths only"",Partially visible,Not visible,1,3,3,3,3,3,3,0,0,1,,Urban park,Satisfied,Killesbergpark,,Point,""{9.172608104986612,48.80813805208281}"",Yes,6,0,stuttgart ,""{48.80813805208281,9.172608104986612}"",,,,,,,,,,,9.172608104986612,48.80813805208281,7,6,6,0,0,0,2,14,13,3,9,1,0,1,1,2,16,20,77.77777777777779,38.88888888888889,54.166666666666664,100,33.33333333333333,88.88888888888889,66.66666666666666,66.66666666666666,59.38"
"193,https://greenspace.systemed.net/survey/193/view,3,Yes,Yes,2,Adequate,Yes,Poor,2,1,6,1,0,0,0,0,0,1,2,3,3,2,2,2,1,3,None (didn't expect any),0,0,,Yes,{Pond},1,Yes,3,Yes,Yes,3,3,Yes,""{""""Other man-made features""""}"",2,2,2,2,2,2,2,0,2,""Yes, on paths only"",Partially visible,Not visible,1,3,3,3,3,3,3,0,0,1,,Urban park,Satisfied,Killesbergpark,,Point,""{9.172608104986612,48.80813805208281}"",Yes,6,0,stuttgart ,""{48.80813805208281,9.172608104986612}"",,,,,,,,,,,9.172608104986612,48.80813805208281,7,6,6,0,0,0,2,14,13,3,9,1,0,1,1,2,16,20,77.77777777777779,38.88888888888889,54.166666666666664,100,33.33333333333333,88.88888888888889,66.66666666666666,66.66666666666666,59.38"
"200,https://greenspace.systemed.net/survey/200/view,2,,Yes,2,Gut,,Keine (habe keine erwartet),2,1,4,1,0,0,0,0,0,1,2,3,3,2,2,2,2,3,Keine (habe keine erwartet),1,2,,,,0,0.0,2,Yes,Yes,3,0,,""{""""?ffentliche Kunst""""}"",2,2,2,2,2,2,2,0,2,""Ja, nur auf Wegen"",Deutlich sichtbar,Deutlich sichtbar,3,2,3,3,2,3,2,0,0,2,,Semi-natural/natural,Sehr zufrieden,,,Point,""{8.6870434,49.4069591}"",Yes,6,0,""Heidelberg, Center"",""{49.4069591,8.6870434}"",,,,,,,,,,,8.6870434,49.4069591,6,4,6,0,0,0,2,12,17,3,6,0,0,0,0,0,16,20,66.66666666666666,33.33333333333333,70.83333333333334,66.66666666666666,0,88.88888888888889,0,66.66666666666666,43.89"
"201,https://greenspace.systemed.net/survey/201/view,2,,Yes,2,Gut,,Schlecht,2,1,6,0,0,0,0,1,6,1,2,3,3,3,2,2,1,2,Keine (habe keine erwartet),0,2,,Yes,""{""""Kleiner See""""}"",1,0.0,2,Yes,Yes,1,3,Yes,""{Wasserfont?nen,""""?ffentliche Kunst""""}"",2,2,2,2,2,2,2,1,2,""Ja, breite Abdeckung"",Deutlich sichtbar,Deutlich sichtbar,2,2,3,3,1,3,2,0,0,0,,Urban park,Zufrieden,Schwanenteichanlage,,Point,""{8.6873576,49.407043}"",Yes,0,0,Heidelberg,""{49.407043,8.6873576}"",,,,,,,,,,,8.6873576,49.407043,6,6,0,0,0,6,2,14,16,3,7,2,0,0,0,0,17,16,66.66666666666666,38.88888888888889,66.66666666666666,77.77777777777779,66.66666666666666,94.44444444444444,0,53.333333333333336,58.28"
"206,https://greenspace.systemed.net/survey/206/view,1,Yes,,1,Ausreichend,Yes,Schlecht,0,1,6,0,0,0,0,1,6,1,2,3,3,2,2,2,0,2,Keine (habe keine erwartet),2,2,,,,0,0.0,2,,,3,1,,,2,2,2,2,2,2,2,1,2,Keine (habe aber welche erwartet),Nicht sichtbar,Teilweise sichtbar,1,1,0,3,1,1,1,0,0,0,,Civic space,Neutral,Spielplatz Ludwigsburg Oststadt,,Point,""{9.2177394,48.888787}"",,4,0,,""{48.888787,9.2177394}"",,,,,,,,,,,9.2177394,48.888787,2,6,4,0,0,6,2,18,16,0,4,0,0,0,0,0,17,8,22.22222222222222,50,66.66666666666666,44.44444444444444,0,94.44444444444444,0,26.666666666666668,42.39"
"209,https://greenspace.systemed.net/survey/209/view,1,Yes,Yes,1,Poor,,Poor,2,1,4,1,1,6,1,1,4,1,2,3,2,2,2,2,1,2,None (but expected some),2,2,Yes,Yes,""{Pond,Stream}"",3,Yes,3,Yes,Yes,3,2,Yes,""{""""Water fountain"""",""""Other man-made features"""",""""Public attractions""""}"",1,0,2,2,2,2,1,0,1,""Yes, on paths only"",Clearly visible,Clearly visible,2,1,0,0,2,2,2,1,0,1,tennis,Urban park,Satisfied,Drama center,,Point,""{24.1457782,41.1530145}"",Yes,4,4,,""{41.1530145,24.1457782}"",none,,,,,,,,,,24.1457782,41.1530145,4,4,4,6,4,4,2,20,16,3,8,3,1,1,1,3,11,11,44.44444444444444,55.55555555555556,66.66666666666666,88.88888888888889,100,61.111111111111114,100,36.666666666666664,72.61"
"210,https://greenspace.systemed.net/survey/210/view,3,,,2,Ausreichend,Yes,Keine (habe aber welche erwartet),2,1,6,0,0,0,0,1,6,1,2,3,3,2,0,2,0,0,Keine (habe keine erwartet),2,2,,,,0,0.0,2,,Yes,0,0,No,,2,2,2,2,2,2,2,0,0,""Ja, nur auf Wegen"",Deutlich sichtbar,Deutlich sichtbar,2,2,2,2,0,2,1,0,0,3,,Urban park,Zufrieden,Fitnessplatz Du?lingen ,,Point,""{9.0599917,48.45082}"",,0,0,,""{48.45082,9.0599917}"",,,,,,,,,,,9.0599917,48.45082,7,6,0,0,0,6,2,14,14,2,2,0,0,0,0,0,14,14,77.77777777777779,38.88888888888889,58.333333333333336,22.22222222222222,0,77.77777777777779,0,46.666666666666664,36.69"
"211,https://greenspace.systemed.net/survey/211/view,3,,Yes,2,Ausreichend,Yes,Ausreichend,2,1,6,1,1,6,0,1,6,1,2,3,3,2,1,1,2,3,Keine (habe keine erwartet),2,0,,Yes,""{""""Kleiner See""""}"",1,0.0,2,Yes,Yes,2,2,,""{Wasserfont?nen,""""Andere von Menschenhand geschaffene Elemente""""}"",2,2,2,1,2,2,2,2,0,""Ja, nur auf Wegen"",Teilweise sichtbar,Teilweise sichtbar,2,2,3,2,1,2,2,0,0,2,,Urban park,Zufrieden,Kornwestheimer Stadtpark,,Point,""{9.1875285,48.8582464}"",Yes,6,0,Kornwestheim Stadtpark am Kulturzentrum,""{48.8582464,9.1875285}"",,,,,,,,,,,9.1875285,48.8582464,7,6,6,6,0,6,2,26,14,3,7,0,0,0,0,0,15,16,77.77777777777779,72.22222222222221,58.333333333333336,77.77777777777779,0,83.33333333333334,0,53.333333333333336,51.31"
"216,https://greenspace.systemed.net/survey/216/view,3,,Yes,2,Poor,Yes,None (but expected some),1,0,0,0,0,0,0,0,0,1,2,3,3,2,2,2,0,3,None (didn't expect any),0,2,,,,0,Yes,4,Yes,Yes,1,3,Yes,""{""""Historic buildings"""",""""Other man-made features"""",""""Public attractions""""}"",2,2,2,2,2,2,2,0,1,""Yes, on paths only"",Clearly visible,Clearly visible,0,1,1,1,2,2,2,0,0,0,,Urban park,Satisfied,Dorchester Square,,Point,""{-73.5704895,45.4990795}"",Yes,0,0,,""{45.4990795,-73.5704895}"",,,,,,,,,,,-73.5704895,45.4990795,6,0,0,0,0,0,2,2,14,3,7,3,0,1,1,2,15,9,66.66666666666666,5.555555555555555,58.333333333333336,77.77777777777779,100,83.33333333333334,66.66666666666666,30,61.31"
"218,https://greenspace.systemed.net/survey/218/view,3,,,2,Gut,Yes,Gut,1,1,6,0,1,6,0,0,0,1,2,3,3,2,2,2,3,3,Keine (habe keine erwartet),2,2,Yes,,,1,0.0,2,Yes,Yes,0,0,No,,2,2,2,2,2,2,2,1,0,""Ja, nur auf Wegen"",Deutlich sichtbar,Deutlich sichtbar,1,3,3,3,2,2,2,0,0,3,,Civic space,Zufrieden,Spielplatz an der Anne-Frank-Schule ,,Point,""{9.0551527,48.4518374}"",Yes,0,0,,""{48.4518374,9.0551527}"",,,,,,,,,,,9.0551527,48.4518374,6,6,0,6,0,0,2,14,19,3,3,0,0,0,0,0,15,19,66.66666666666666,38.88888888888889,79.16666666666666,33.33333333333333,0,83.33333333333334,0,63.33333333333333,44.82"
"219,https://greenspace.systemed.net/survey/219/view,3,,No,2,Schlecht,,Gut,2,1,6,1,0,0,0,0,0,0,0,3,3,3,0,2,2,2,Keine (habe keine erwartet),0,0,,,{Teich},1,0.0,2,Yes,,1,3,Yes,""{""""Historische Geb?ude"""",""""?ffentliche Kunst"""",Wasserfont?nen}"",1,2,2,0,2,2,2,2,2,""Ja, nur auf Wegen"",Deutlich sichtbar,Deutlich sichtbar,0,2,1,1,1,3,2,0,0,2,,Urban park,Zufrieden,oberer Schlossgarten,,Point,""{9.1815568,48.7789175}"",Yes,6,0,,""{48.7789175,9.1815568}"",,,,,,,,,,,9.1815568,48.7789175,7,6,6,0,0,0,0,12,13,2,6,3,0,0,0,0,15,12,77.77777777777779,33.33333333333333,54.166666666666664,66.66666666666666,100,83.33333333333334,0,40,60.88"
"220,https://greenspace.systemed.net/survey/220/view,3,,Yes,2,Ausreichend,Yes,Schlecht,2,1,2,1,0,0,0,0,0,1,2,2,2,1,1,2,2,2,Keine (habe keine erwartet),2,0,,Yes,{Teich},1,0.0,2,Yes,Yes,1,2,Yes,""{""""Historische Geb?ude"""",""""?ffentliche Kunst"""",""""Andere von Menschenhand geschaffene Elemente""""}"",2,2,2,2,2,2,2,2,0,Keine (habe aber welche erwartet),Teilweise sichtbar,Deutlich sichtbar,1,0,1,1,1,2,2,0,0,2,,Urban park,Zufrieden,oberer Schlossgarten ,,Point,""{9.182179,48.780304}"",,2,0,,""{48.780304,9.182179}"",,,,,,,,,,,9.182179,48.780304,7,2,2,0,0,0,2,6,12,3,6,3,0,0,0,0,16,10,77.77777777777779,16.666666666666664,50,66.66666666666666,100,88.88888888888889,0,33.33333333333333,57.28"
"224,https://greenspace.systemed.net/survey/224/view,3,,Yes,2,None (didn't expect any),Yes,Adequate,2,0,0,0,0,0,0,0,0,1,2,3,3,0,1,2,2,2,None (didn't expect any),2,2,,Yes,""{""""Small Lake""""}"",1,0.0,2,Yes,,1,3,Yes,""{""""Historic buildings"""",""""Public art""""}"",2,2,2,2,2,2,2,2,2,""Yes, on paths only"",Not visible,Clearly visible,2,2,1,1,2,3,2,0,0,2,,Urban park,Satisfied,Oberer Schlossgarten,,Point,""{9.1814957,48.778616}"",Yes,0,0,,""{48.778616,9.1814957}"",,,,,,,,,,,9.1814957,48.778616,7,0,0,0,0,0,2,2,15,2,6,2,0,0,0,0,18,15,77.77777777777779,5.555555555555555,62.5,66.66666666666666,66.66666666666666,100,0,50,51.01"
"225,https://greenspace.systemed.net/survey/225/view,3,,Yes,1,Schlecht,Yes,Ausreichend,1,0,0,1,0,0,0,0,0,1,2,2,2,1,1,2,1,2,Schlecht,1,1,,Yes,{Teich},1,0.0,2,Yes,Yes,1,1,Yes,""{""""Historische Geb?ude"""",""""?ffentliche Kunst"""",""""Andere von Menschenhand geschaffene Elemente""""}"",2,1,1,1,1,2,2,1,2,""Ja, nur auf Wegen"",,Deutlich sichtbar,2,2,1,2,0,3,1,0,0,2,picknick,Civic space,Neutral,Oberer Schlossgarten,,Point,""{9.1849304,48.7785787}"",Yes,6,0,,""{48.7785787,9.1849304}"",""wenig versteckm?glichleiten f?r tiere, wenig pflanzen"",,,,,,,,,,9.1849304,48.7785787,5,0,6,0,0,0,2,8,11,3,5,3,0,0,0,0,13,13,55.55555555555556,22.22222222222222,45.83333333333333,55.55555555555556,100,72.22222222222221,0,43.333333333333336,52.04"
"227,https://greenspace.systemed.net/survey/227/view,3,,Yes,2,Poor,Yes,Poor,2,1,6,0,0,0,0,0,0,1,2,3,3,2,2,2,2,3,None (but expected some),2,2,,Yes,""{""""Small Lake""""}"",1,Yes,2,Yes,Yes,2,3,Yes,""{""""Other man-made features""""}"",2,2,2,2,2,2,2,0,0,""Yes, on paths only"",Not visible,Clearly visible,2,3,2,2,2,3,3,0,0,2,,Urban park,Satisfied,Mittlerer Schlosspark,,Point,""{9.188583,48.7869104}"",Yes,0,0,,""{48.7869104,9.188583}"",,,,,,,,,,,9.188583,48.7869104,7,6,0,0,0,0,2,8,18,3,8,1,0,1,0,1,14,19,77.77777777777779,22.22222222222222,75,88.88888888888889,33.33333333333333,77.77777777777779,33.33333333333333,63.33333333333333,52.86"
"228,https://greenspace.systemed.net/survey/228/view,3,Yes,Yes,2,Gut,,Schlecht,2,0,0,1,0,0,0,0,0,1,2,3,3,1,1,2,0,3,Keine (habe keine erwartet),1,0,,Yes,""{""""Kleiner See""""}"",0,0.0,3,Yes,,2,1,,""{Wasserfont?nen,""""Andere von Menschenhand geschaffene Elemente""""}"",2,2,2,2,2,2,2,1,0,""Ja, nur auf Wegen"",Nicht sichtbar,Deutlich sichtbar,1,2,3,1,1,2,2,0,0,2,,Urban park,Zufrieden,mittlerer Schlossgarten ,,Point,""{9.1885528,48.7868988}"",,6,0,,""{48.7868988,9.1885528}"",,,,,,,,,,,9.1885528,48.7868988,7,0,6,0,0,0,2,8,11,2,5,0,0,0,1,1,15,14,77.77777777777779,22.22222222222222,45.83333333333333,55.55555555555556,0,83.33333333333334,33.33333333333333,46.666666666666664,39.01"
"230,https://greenspace.systemed.net/survey/230/view,3,,Yes,2,Ausreichend,Yes,Ausreichend,2,0,0,1,0,0,0,0,0,1,2,3,2,1,1,3,2,3,Schlecht,1,0,Yes,Yes,""{Teich,""""Kleiner See""""}"",1,0.0,3,Yes,Yes,3,0,Yes,{Wasserfont?nen},2,2,2,2,2,2,2,1,2,""Ja, nur auf Wegen"",Deutlich sichtbar,Deutlich sichtbar,2,2,2,2,2,2,2,0,0,3,,Urban park,Zufrieden,Stuttgart mittlerer Schlossgarten ,,Point,""{9.1898964,48.7864141}"",Yes,6,0,neben dem Stuttgarter HBF,""{48.7864141,9.1898964}"",,,,,,,,,,,9.1898964,48.7864141,7,0,6,0,0,0,2,8,13,3,6,1,0,0,1,1,17,17,77.77777777777779,22.22222222222222,54.166666666666664,66.66666666666666,33.33333333333333,94.44444444444444,33.33333333333333,56.666666666666664,49.32"
"231,https://greenspace.systemed.net/survey/231/view,3,,,2,Gut,,Schlecht,2,0,0,1,0,0,0,0,0,1,2,2,1,1,1,2,2,2,Keine (habe keine erwartet),1,1,,Yes,""{""""Kleiner See""""}"",1,0.0,2,Yes,Yes,1,2,Yes,""{""""Historische Geb?ude"""",""""Andere von Menschenhand geschaffene Elemente""""}"",2,2,2,2,2,2,2,1,0,""Ja, nur auf Wegen"",Nicht sichtbar,Teilweise sichtbar,2,2,2,2,2,2,3,0,0,2,,Urban park,Zufrieden,,,Point,""{9.190222,48.7877124}"",Yes,6,0,,""{48.7877124,9.190222}"",,,,,,,,,,,9.190222,48.7877124,7,0,6,0,0,0,2,8,11,3,6,2,0,0,0,0,15,17,77.77777777777779,22.22222222222222,45.83333333333333,66.66666666666666,66.66666666666666,83.33333333333334,0,56.666666666666664,50.68"
"232,https://greenspace.systemed.net/survey/232/view,2,Yes,,2,Poor,,None (but expected some),1,0,0,0,0,0,0,0,0,0,0,3,2,2,2,3,0,2,None (didn't expect any),3,2,,,,0,Yes,2,,Yes,1,3,Yes,""{""""Historic buildings"""",""""Other man-made features"""",""""Public attractions""""}"",1,2,2,2,2,2,2,1,1,""Yes, on paths only"",Partially visible,Clearly visible,0,0,1,0,1,2,1,0,0,0,,Urban park,Neutral,Place de la Dauversi?re,,Point,""{-73.552842,45.5082414}"",Yes,0,0,,""{45.5082414,-73.552842}"",,,,,,,,,,,-73.552842,45.5082414,5,0,0,0,0,0,0,0,17,2,6,3,0,1,0,1,15,5,55.55555555555556,0,70.83333333333334,66.66666666666666,100,83.33333333333334,33.33333333333333,16.666666666666664,56.04"
"242,https://greenspace.systemed.net/survey/242/view,1,,Yes,2,Good,Yes,Good,1,0,0,0,0,0,0,0,0,1,2,3,2,2,2,2,2,3,None (didn't expect any),3,2,,,""{Canal,Stream}"",1,Yes,1,,Yes,3,0,,,0,0,0,0,0,0,0,2,0,None (didn't expect any),Not visible,Partially visible,0,3,3,3,3,3,3,0,0,3,Den building,Country park,Very satisfied,Rode Heath Rise,,Point,""{-2.2908526,53.1108181}"",,0,0,""Adjacent to Trent & Mersey canal,  opposite Broughton Arms"",""{53.1108181,-2.2908526}"",""Historic site, since early 1700s site of brine well. Late 1800 to eatly 1900s industrial site producing salt for. nearby Potteties by evaporation of brine. Following serious subsidence, site cleared and returned to nature."",,,,,,,,,,-2.2908526,53.1108181,4,0,0,0,0,0,2,2,18,2,5,0,0,1,0,1,2,21,44.44444444444444,5.555555555555555,75,55.55555555555556,0,11.11111111111111,33.33333333333333,70,29.92"
"245,https://greenspace.systemed.net/survey/245/view,2,,Yes,1,Ausreichend,,Ausreichend,0,0,0,0,0,0,0,0,0,1,2,3,2,1,2,1,1,2,Schlecht,3,1,,,,0,Yes,1,,Yes,3,2,Yes,"""",2,2,2,2,2,2,2,1,0,Keine (habe keine erwartet),Nicht sichtbar,Teilweise sichtbar,2,2,3,2,2,2,2,0,0,2,,Civic space,Zufrieden,Hungerberg,,Point,""{9.212464108341255,48.90717924124374}"",Yes,0,0,,""{48.90717924124374,9.212464108341255}"",,,,,,,,,,,9.212464108341255,48.90717924124374,3,0,0,0,0,0,2,2,14,2,7,1,0,1,0,1,15,17,33.33333333333333,5.555555555555555,58.333333333333336,77.77777777777779,33.33333333333333,83.33333333333334,33.33333333333333,56.666666666666664,44.36"
"247,https://greenspace.systemed.net/survey/247/view,2,Yes,Yes,2,Ausreichend,,Keine (habe keine erwartet),1,1,6,1,0,0,0,0,0,1,2,3,3,2,2,2,2,3,Keine (habe keine erwartet),2,2,Yes,,,0,Yes,2,Yes,Yes,2,0,,,2,2,2,2,2,2,0,2,0,Keine (habe keine erwartet),Teilweise sichtbar,Teilweise sichtbar,3,2,3,3,3,0,3,0,1,2,,Natural/green corridor,Zufrieden,Hungerberg,,Point,""{9.2133325,48.9072513}"",,4,0,,""{48.9072513,9.2133325}"",,,,,,,,,,,9.2133325,48.9072513,5,6,4,0,0,0,2,12,18,3,5,0,0,1,0,1,14,20,55.55555555555556,33.33333333333333,75,55.55555555555556,0,77.77777777777779,33.33333333333333,66.66666666666666,54.39"
"248,https://greenspace.systemed.net/survey/248/view,3,Yes,Yes,2,Gut,Yes,Ausreichend,2,1,6,1,0,0,0,0,0,1,2,3,3,0,0,2,0,2,Keine (habe keine erwartet),3,2,Yes,,,0,Yes,3,Yes,,2,0,,,2,2,2,2,2,2,2,0,0,Keine (habe keine erwartet),Teilweise sichtbar,Teilweise sichtbar,0,1,2,1,1,1,1,0,0,1,,Country park,Zufrieden,Hungerberg,,Point,""{9.212495961177353,48.90740243348933}"",,4,0,,""{48.90740243348933,9.212495961177353}"",,,,,,,,,,,9.212495961177353,48.90740243348933,7,6,4,0,0,0,2,12,13,2,4,0,0,1,1,2,14,8,77.77777777777779,33.33333333333333,54.166666666666664,44.44444444444444,0,77.77777777777779,66.66666666666666,26.666666666666668,45.93"
"249,https://greenspace.systemed.net/survey/249/view,1,Yes,Yes,2,Ausreichend,Yes,Keine (habe keine erwartet),2,1,6,0,0,0,0,0,0,1,2,2,1,0,2,2,2,3,Keine (habe aber welche erwartet),1,0,Yes,,,0,Yes,2,Yes,Yes,1,0,,,2,2,2,2,2,2,1,1,0,Keine (habe keine erwartet),Nicht sichtbar,Nicht sichtbar,1,1,3,2,2,2,2,0,0,1,,Urban park,Zufrieden,Hungerberg,,Point,""{9.213158419685254,48.907126380533775}"",,0,0,,""{48.907126380533775,9.213158419685254}"",,,,,,,,,,,9.213158419685254,48.907126380533775,5,6,0,0,0,0,2,8,10,3,4,0,0,1,0,1,14,14,55.55555555555556,22.22222222222222,41.66666666666667,44.44444444444444,0,77.77777777777779,33.33333333333333,46.666666666666664,33.86"
"250,https://greenspace.systemed.net/survey/250/view,2,Yes,,1,Schlecht,,Schlecht,0,1,4,1,1,4,0,1,4,1,2,2,2,1,1,2,2,2,Schlecht,1,1,Yes,Yes,""{Teich,Kanal}"",0,Yes,3,,Yes,3,2,Yes,""{""""Historische Geb?ude""""}"",1,0,2,2,0,0,1,1,0,""Ja, nur auf Wegen"",Teilweise sichtbar,Teilweise sichtbar,2,2,2,2,2,2,3,0,0,2,,Woodlands/forest,Zufrieden,Anonyme ,,Point,""{9.217087486009001,48.90691017144685}"",,4,0,Hungerberg,""{48.90691017144685,9.217087486009001}"",,,,,,,,,,,9.217087486009001,48.90691017144685,3,4,4,4,0,4,2,18,12,2,7,1,0,1,1,2,7,17,33.33333333333333,50,50,77.77777777777779,33.33333333333333,38.88888888888889,66.66666666666666,56.666666666666664,52.39"
"252,https://greenspace.systemed.net/survey/252/view,2,Yes,,1,Ausreichend,,Ausreichend,0,1,4,1,0,0,0,0,0,1,2,2,3,0,2,2,2,3,Keine (habe keine erwartet),2,2,,,,0,Yes,2,Yes,Yes,3,0,Yes,""{""""?ffentliche Attraktionen"""",""""Andere von Menschenhand geschaffene Elemente""""}"",2,2,2,2,2,2,1,1,0,Keine (habe keine erwartet),Nicht sichtbar,Teilweise sichtbar,2,2,2,2,1,1,1,0,0,1,,Country park,Neutral,Hungerberg,,Point,""{9.215741151425236,48.90922777635984}"",,4,0,,""{48.90922777635984,9.215741151425236}"",,,,,,,,,,,9.215741151425236,48.90922777635984,3,4,4,0,0,0,2,10,15,3,6,2,0,1,0,1,14,12,33.33333333333333,27.77777777777778,62.5,66.66666666666666,66.66666666666666,77.77777777777779,33.33333333333333,40,52.29"
"256,https://greenspace.systemed.net/survey/256/view,1,Yes,,1,Keine (habe keine erwartet),,Gut,0,1,6,0,0,0,0,0,0,0,0,2,2,1,2,2,2,2,Keine (habe keine erwartet),2,2,,,,0,Yes,2,Yes,,2,0,,,1,1,2,2,1,2,2,1,0,Keine (habe aber welche erwartet),Teilweise sichtbar,Teilweise sichtbar,1,1,2,2,2,2,2,0,0,0,,Natural/green corridor,Zufrieden,Gr?nanlage Hungerberg,,Point,""{9.214916009813683,48.90868814221166}"",,0,0,,""{48.90868814221166,9.214916009813683}"",,,,,,,,,,,9.214916009813683,48.90868814221166,2,6,0,0,0,0,0,6,15,2,4,0,0,1,0,1,12,12,22.22222222222222,16.666666666666664,62.5,44.44444444444444,0,66.66666666666666,33.33333333333333,40,40.31"
"257,https://greenspace.systemed.net/survey/257/view,2,Yes,,1,Gut,Yes,Gut,1,1,6,1,0,0,0,0,0,1,2,2,2,2,2,2,2,2,Keine (habe keine erwartet),2,2,Yes,Yes,{Teich},1,Yes,2,Yes,Yes,3,1,,,2,1,2,2,2,2,2,1,0,Keine (habe aber welche erwartet),Teilweise sichtbar,Teilweise sichtbar,2,2,3,2,2,2,2,0,0,1,,Urban park,Zufrieden,Hungenberg,,Point,""{9.213566631237029,48.90711411098688}"",,4,0,,""{48.90711411098688,9.213566631237029}"",,,,,,,,,,,9.213566631237029,48.90711411098688,4,6,4,0,0,0,2,12,16,3,7,0,0,1,0,1,14,16,44.44444444444444,33.33333333333333,66.66666666666666,77.77777777777779,0,77.77777777777779,33.33333333333333,53.333333333333336,42.22"
"269,https://greenspace.systemed.net/survey/269/view,2,Yes,Yes,1,Ausreichend,Yes,Schlecht,1,1,6,0,0,0,0,0,0,1,2,3,3,2,2,2,2,2,Keine (habe keine erwartet),2,2,,,,0,0.0,1,Yes,Yes,1,1,Yes,""{""""?ffentliche Kunst""""}"",2,2,2,2,2,2,2,2,0,""Ja, nur auf Wegen"",Teilweise sichtbar,Deutlich sichtbar,1,1,3,2,0,1,1,0,0,2,,Civic space,Zufrieden,""Fu?- und Radweg, welcher zum Siebenm?hlental f?hrt"",,Point,""{9.1429126,48.6931544}"",Yes,0,0,,""{48.6931544,9.1429126}"",,,,,,,,,,,9.1429126,48.6931544,4,6,0,0,0,0,2,8,18,3,5,1,0,0,0,0,16,11,44.44444444444444,22.22222222222222,75,55.55555555555556,33.33333333333333,88.88888888888889,0,36.666666666666664,46.81"
"270,https://greenspace.systemed.net/survey/270/view,2,Yes,Yes,2,Ausreichend,Yes,Schlecht,2,0,0,0,0,0,0,0,0,0,0,2,2,1,2,2,2,3,Keine (habe keine erwartet),0,2,,,,0,0.0,4,,,3,0,Yes,""{""""Andere von Menschenhand geschaffene Elemente""""}"",2,2,2,2,2,2,2,0,0,Keine (habe keine erwartet),Nicht sichtbar,Teilweise sichtbar,2,0,3,1,3,1,2,0,0,2,,Woodlands/forest,Sehr zufrieden,Weilerwald Leinfelden,,Point,""{9.1289365,48.7086905}"",,0,0,,""{48.7086905,9.1289365}"",,,,,,,,,,,9.1289365,48.7086905,6,0,0,0,0,0,0,0,13,0,3,1,0,0,1,1,14,14,66.66666666666666,0,54.166666666666664,33.33333333333333,33.33333333333333,77.77777777777779,33.33333333333333,46.666666666666664,45.53"
"279,https://greenspace.systemed.net/survey/279/view,2,Yes,Yes,2,Ausreichend,Yes,Schlecht,2,0,0,1,0,0,0,0,0,1,2,3,3,0,2,2,1,2,Keine (habe keine erwartet),2,1,,,,0,0.0,1,Yes,Yes,1,2,Yes,""{Wasserfont?nen,""""Andere von Menschenhand geschaffene Elemente""""}"",2,2,2,2,2,2,2,2,0,""Ja, nur auf Wegen"",Teilweise sichtbar,Deutlich sichtbar,1,2,2,2,1,2,1,0,0,2,,Urban park,Zufrieden,Park hinter der Filderhalle ,,Point,""{9.1399028,48.6991415}"",Yes,4,0,,""{48.6991415,9.1399028}"",,,,,,,,,,,9.1399028,48.6991415,6,0,4,0,0,0,2,6,14,3,6,2,0,0,0,0,16,13,66.66666666666666,16.666666666666664,58.333333333333336,66.66666666666666,66.66666666666666,88.88888888888889,0,43.333333333333336,50.36"
"285,https://greenspace.systemed.net/survey/285/view,3,Yes,Yes,2,Ausreichend,Yes,Ausreichend,2,1,4,1,1,4,1,0,0,1,2,2,2,1,1,3,2,3,Gut,2,1,,,,0,0.0,2,Yes,,2,2,Yes,""{""""?ffentliche Attraktionen"""",""""Andere von Menschenhand geschaffene Elemente""""}"",2,2,2,2,2,2,2,2,0,Keine (habe aber welche erwartet),Teilweise sichtbar,Teilweise sichtbar,2,3,3,3,2,3,2,0,0,2,Diskgolf ,Urban park,Zufrieden,Galgenbergpark,,Point,""{9.3270837,48.6287278}"",,4,4,,""{48.6287278,9.3270837}"",,,,,,,,,,,9.3270837,48.6287278,7,4,4,4,4,0,2,14,14,2,6,2,0,0,0,0,16,20,77.77777777777779,38.88888888888889,58.333333333333336,66.66666666666666,66.66666666666666,88.88888888888889,0,66.66666666666666,56.58"
"286,https://greenspace.systemed.net/survey/286/view,3,,,2,Ausreichend,Yes,Ausreichend,1,1,6,0,0,0,0,0,0,0,0,3,2,0,2,3,2,3,Keine (habe keine erwartet),2,0,,Yes,""{""""Kleiner See""""}"",2,Yes,2,Yes,,1,0,Yes,""{""""Historische Geb?ude"""",Wasserfont?nen}"",1,1,2,0,0,2,0,0,1,""Ja, nur auf Wegen"",Teilweise sichtbar,Teilweise sichtbar,0,0,2,1,2,2,2,0,0,2,,Formal recreation,Neutral,Feuersee ,,Point,""{9.165813047836174,48.77290491709612}"",Yes,0,0,Stuttgart West ,""{48.77290491709612,9.165813047836174}"",Es sollte mehr Raum f?r Biodiversit?t und R?ckzugsm?glichkeiten f?r Tiere geben,,,,,,,,,,9.165813047836174,48.77290491709612,6,6,0,0,0,0,0,6,14,2,3,2,0,1,0,1,7,11,66.66666666666666,16.666666666666664,58.333333333333336,33.33333333333333,66.66666666666666,38.88888888888889,33.33333333333333,36.666666666666664,37.64"
"293,https://greenspace.systemed.net/survey/293/view,3,,Yes,1,Ausreichend,Yes,Schlecht,0,0,0,1,0,0,0,0,0,1,2,2,2,0,0,2,2,1,Keine (habe keine erwartet),0,0,,Yes,{Bach},1,Yes,1,,,1,1,Yes,""{""""Andere von Menschenhand geschaffene Elemente""""}"",2,2,2,2,2,2,1,1,1,""Ja, nur auf Wegen"",Teilweise sichtbar,Teilweise sichtbar,1,1,2,0,1,1,1,2,1,1,,Urban park,Neutral,oberer See B?blingen ,,Point,""{9.012784715750266,48.681459487461495}"",Yes,4,0,B?blingen Stadtmitte ,""{48.681459487461495,9.012784715750266}"",mehr Naturwiesen w?ren sch?n,,,,,,,,,,9.012784715750266,48.681459487461495,4,0,4,0,0,0,2,6,8,0,2,1,0,1,0,1,15,11,44.44444444444444,16.666666666666664,33.33333333333333,22.22222222222222,33.33333333333333,83.33333333333334,33.33333333333333,36.666666666666664,34.83"
"295,https://greenspace.systemed.net/survey/295/view,3,Yes,Yes,2,Ausreichend,Yes,Schlecht,2,1,6,1,0,0,0,0,0,1,2,3,2,2,2,3,0,3,Keine (habe keine erwartet),0,2,No,Yes,""{""""Kleiner See""""}"",1,Yes,3,Yes,Yes,1,2,Yes,""{""""?ffentliche Kunst"""",Wasserfont?nen,""""Andere von Menschenhand geschaffene Elemente""""}"",2,2,2,2,2,2,2,0,0,""Ja, nur auf Wegen"",Teilweise sichtbar,Deutlich sichtbar,1,2,3,3,2,3,3,1,0,1,,Urban park,Zufrieden,Stadtpark B?blingen ,,Point,""{9.0156286,48.6832048}"",,6,0,,""{48.6832048,9.0156286}"",,,,,,,,,,,9.0156286,48.6832048,7,6,6,0,0,0,2,14,14,3,6,3,0,1,1,2,14,19,77.77777777777779,38.88888888888889,58.333333333333336,66.66666666666666,100,77.77777777777779,66.66666666666666,63.33333333333333,68.03"
"633,https://greenspace.systemed.net/survey/633/view,3,,,2,Schlecht,Yes,Ausreichend,1,1,6,0,0,0,0,0,0,0,0,3,3,2,2,3,3,3,Keine (habe keine erwartet),2,0,Yes,,,3,Yes,3,,Yes,1,0,Yes,""{""""Andere von Menschenhand geschaffene Elemente"""",""""Historische Geb?ude""""}"",2,2,2,2,2,2,2,2,2,""Ja, nur auf Wegen"",Deutlich sichtbar,Deutlich sichtbar,0,0,2,1,1,3,2,0,0,1,,Civic space,Zufrieden,Feuersee,,Point,""{9.16597350622115,48.77304708686116}"",Yes,0,0,,""{48.77304708686116,9.16597350622115}"",,,,,,,,,,,9.16597350622115,48.77304708686116,6,6,0,0,0,0,0,6,18,2,3,2,1,1,1,3,18,10,66.66666666666666,16.666666666666664,75,33.33333333333333,66.66666666666666,100,100,33.33333333333333,61.92"
"634,https://greenspace.systemed.net/survey/634/view,3,,,2,Schlecht,Yes,Ausreichend,1,1,6,0,0,0,0,0,0,0,0,3,3,2,2,3,3,3,Keine (habe keine erwartet),2,0,Yes,,,3,Yes,3,,Yes,1,0,Yes,""{""""Andere von Menschenhand geschaffene Elemente"""",""""Historische Geb?ude""""}"",2,2,2,2,2,2,2,2,2,""Ja, nur auf Wegen"",Deutlich sichtbar,Deutlich sichtbar,0,0,2,1,1,3,2,0,0,1,,Civic space,Zufrieden,Feuersee,,Point,""{9.16597350622115,48.77304708686116}"",Yes,0,0,,""{48.77304708686116,9.16597350622115}"",,,,,,,,,,,9.16597350622115,48.77304708686116,6,6,0,0,0,0,0,6,18,2,3,2,1,1,1,3,18,10,66.66666666666666,16.666666666666664,75,33.33333333333333,66.66666666666666,100,100,33.33333333333333,61.92"
"647,https://greenspace.systemed.net/survey/647/view,3,Yes,,1,Schlecht,Yes,Gut,1,1,4,0,0,0,0,0,0,0,0,2,1,1,1,2,2,3,Keine (habe keine erwartet),2,0,No,Yes,""{""""Kleiner See""""}"",2,Yes,2,,Yes,1,1,Yes,""{""""Historische Geb?ude""""}"",1,1,2,1,1,2,1,1,1,""Ja, nur auf Wegen"",Teilweise sichtbar,Teilweise sichtbar,0,0,2,1,2,2,2,0,0,2,,Urban park,Zufrieden,Feuersee Stuttgart ,,Point,""{9.165402987482494,48.77283110038159}"",,0,0,Stuttgart West Roteb?hlstr ,""{48.77283110038159,9.165402987482494}"",mehr Fl?chen f?r Biodiversit?t ,,,,,,,,,,9.165402987482494,48.77283110038159,5,4,0,0,0,0,0,4,11,2,4,1,0,1,0,1,11,11,55.55555555555556,11.11111111111111,45.83333333333333,44.44444444444444,33.33333333333333,61.111111111111114,33.33333333333333,36.666666666666664,36.79"
